de_ratio,current_ratio,roe,gross_margin,profit_margin,revenue_growth,eps_growth,market_cap,sector,label,symbol,fundamentals_score
3.151209677419355,1.6566500899375727,0.25,0.415854887470608,0.18743701713134028,0.02,-0.207,84746027008,Industrials,0,MMM,50.0
0.15902107703088783,1.6121754903072214,0.07363484448277721,0.3894594874987032,0.14171594563751427,0.0,0.143,10144258048,Industrials,0,AOS,62.5
0.2712913072872918,1.7804521685635188,0.027145520476941673,0.5686425950955784,0.1279204479629272,0.044,-0.808,196479811584,Healthcare,0,ABT,37.5
0.267233889357538,1.4607462317186974,0.07192016946642459,0.32867172826336566,0.12395741146807758,0.06,-0.03,130415206400,Technology,0,ACN,25.0
0.27560402766144204,1.4773571242393984,0.06113901934049015,0.2986312570977618,0.10733193427503351,0.06,-0.03,130415206400,Technology,0,ACN,25.0
0.5732879105520615,0.9932514658701184,0.14771139063591893,0.8913672739656053,0.2879278052102843,0.105,0.103,114328027136,Technology,0,ADBE,50.0
0.5011836578846888,1.1846556804539998,0.13829705994654448,0.8911445572278613,0.3169408470423521,0.105,0.103,114328027136,Technology,0,ADBE,50.0
0.08173666660907725,2.8034532000519277,0.012249270054076467,0.5022855606345792,0.0953213229362732,0.341,2.135,329457139712,Technology,1,AMD,62.5
8.816608996539792,0.8431078767123288,0.0132641291810842,0.1507177033492823,0.01572112098427888,0.047,-0.315,10172647424,Utilities,0,AES,12.5
7.963227222832053,0.7969898494924746,0.15367727771679474,0.14179608372721134,0.18906144496961513,0.047,-0.315,10172647424,Utilities,0,AES,25.0
0.5695893089960886,2.091451292246521,0.03503911342894394,0.5191846522781774,0.1288968824940048,0.07,-0.041,34170120192,Healthcare,1,A,25.0
0.5579890492782479,2.197431781701445,0.05276256844201095,0.5348007138607972,0.18917311124330755,0.07,-0.041,34170120192,Healthcare,0,A,37.5
1.121869771617449,0.9955859210071777,-0.11770066787273692,0.29569302516974144,-0.5934435223921541,0.058,0.098,61052276736,Basic Materials,0,APD,12.5
0.28726218974423584,1.2728631201434548,0.019402797026584352,0.7772887323943662,0.06778169014084508,0.12,-0.26,81258119168,Consumer Cyclical,0,ABNB,37.5
1.0074630918860061,1.177751968853411,0.02686647641944343,0.587302822569126,0.12133412271619945,0.074,-0.392,14920578048,Technology,0,AKAM,12.5
0.03124075079007855,1.2064750058765974,0.02457143625223793,0.6945107642285722,0.09520434776392835,0.053,0.308,13204117504,Healthcare,0,ALGN,25.0
0.03096507385153369,1.2229676054340792,0.026948962677684363,0.7002890821015274,0.10430568548229083,0.053,0.308,13204117504,Healthcare,0,ALGN,25.0
1.2427655734644347,2.1738548483045808,0.09222726989856245,0.4485614184095976,0.15734154368828962,0.093,0.024,13490383872,Industrials,1,ALLE,75.0
1.4985196672775976,0.3355263157894737,0.030029606654448048,0.44148936170212766,0.18882978723404256,0.09,-0.053,18591283200,Utilities,0,LNT,37.5
0.06824863076981003,1.7680843171056364,0.10003852091280081,0.5970365937451515,0.38278254316554733,0.18,0.298,3666963857408,Communication Services,1,GOOGL,75.0
0.06824863076981003,1.7680843171056364,0.10003852091280081,0.5970365937451515,0.38278254316554733,0.18,0.298,3670834937856,Communication Services,1,GOOG,75.0
-7.424216524216524,0.5706241201313937,-0.30683760683760686,0.7189643726488161,0.238327063509626,-0.005,-0.632,114334326784,Consumer Defensive,0,MO,37.5
-11.137622877569259,0.513950575105341,-1.3579088471849865,0.7058362710536623,0.5951821386603995,-0.005,-0.632,114334326784,Consumer Defensive,1,MO,37.5
0.435630519147211,1.0481009927854188,0.055994925899165326,0.5055085535148747,0.1100233190078822,0.136,0.059,2327545643008,Consumer Cyclical,0,AMZN,62.5
2.4004154764996106,1.701015228426396,0.05089587120228512,0.19621962196219622,0.05880588058805881,0.681,0.086,21198657536,Consumer Cyclical,0,AMCR,25.0
1.6059415664129635,0.857492141110723,0.023651689990997628,0.4487362899380067,0.13781592751549834,-0.088,0.217,31324426240,Utilities,0,AEE,37.5
1.7177524733992906,0.4168498065621424,0.029289147056993415,0.6025551854156752,0.14646557088992201,0.132,-0.123,72215830528,Utilities,0,AEP,50.0
12.556184225415866,0.5545871559633028,0.13825393232997624,0.7524192289683159,0.19068987045419072,0.075,-0.333,89309552640,Real Estate,0,AMT,37.5
12.995712849624505,0.4492622533778054,0.36355035184199636,0.7431307897629141,0.4826503375726174,0.075,-0.333,89309552640,Real Estate,0,AMT,50.0
1.3770647427378013,0.48794442174090724,0.01946079362065692,0.5901926444833625,0.17950963222416813,0.058,-0.004,26624509952,Utilities,0,AWK,37.5
0.19367868191061416,1.4067327402641143,0.03528183603000458,0.3608605455865023,0.20309693407106702,0.134,0.029,54031151104,Industrials,0,AME,62.5
9.24456259062349,1.1704189847009736,0.2787175769292734,0.6357835317216837,0.21229598723769788,0.086,1.126,204452184064,Healthcare,0,AMGN,62.5
0.6957344775365977,1.9893705075147026,0.07162272356618646,0.34171689877364375,0.15335689045936396,0.491,0.602,163202875392,Technology,1,APH,50.0
0.2055701098695196,2.0770273414300378,0.016274204798429732,0.6104426098115655,0.21581641078941907,0.304,1.123,166726615040,Technology,1,ADI,75.0
2.6427755568246716,1.0463292332747611,0.13777841233580812,0.5244237682385282,0.2040600549799112,0.037,1.365,73314418688,Financial Services,0,AON,25.0
1.0101177336276674,0.8851865266207896,0.06383370125091979,0.38239757207890746,0.13163884673748102,-0.28,-0.212,11127158784,Energy,0,APA,50.0
1.1670454545454545,1.1519458544839256,0.06704545454545455,0.40523598820059,0.13053097345132744,-0.28,-0.212,11127158784,Energy,0,APA,37.5
0.5886181575433912,0.7997531323091597,0.024588340008900755,0.941240086517664,0.07966834895457822,0.877,-0.54,63730339840,Financial Services,0,APO,37.5
1.4699383196598599,0.8208700223419635,0.3709802982214504,0.47050619238876246,0.25986010759341016,0.157,0.159,3858499371008,Technology,1,AAPL,37.5
0.3517746954274564,2.4647323661830915,0.11270502610621802,0.4908450704225352,0.3009859154929577,-0.021,0.71,283921874944,Technology,1,AMAT,75.0
6.447390693075157,1.679884816040601,1.0017343823044345,0.8172316968560418,0.388417010271418,0.659,0.84,163168059392,Communication Services,1,APP,75.0
0.941747572815534,1.6141009595327493,-0.0012275415690213146,0.19067357512953367,-0.0022797927461139897,0.05,-0.485,15860229120,Consumer Cyclical,1,APTV,0.0
0.5616438356164384,1.382281493232859,0.013336950133369501,0.05848822800495663,0.014622057001239157,-0.137,-0.196,32341575680,Consumer Defensive,1,ADM,25.0
2.998552571817426,0.575003120023656,0.010590226054291017,0.396471360803817,0.043322725373230286,0.195,-0.694,38456143872,Financial Services,0,ARES,0.0
3.7102935789861626,0.9801937230339093,0.0500380116975567,0.6321976938785399,0.1408398908019638,0.195,-0.694,38456143872,Financial Services,0,ARES,12.5
0.600978490239739,1.4428961010908306,0.03155899839158427,0.4804153028920964,0.18897891291516875,0.367,-0.416,57960624128,Financial Services,0,AJG,25.0
1.3841185996298582,0.7037646617637867,0.041939774830351634,0.6070985437210213,0.14206883040553778,0.036,-0.072,205523140608,Communication Services,0,T,12.5
0.6474719638848178,1.3277188573469203,0.036959757466243824,0.48088799703871105,0.24894924486106654,0.142,0.145,30905649152,Utilities,0,ATO,62.5
0.9721054642720672,0.6535881276682253,0.0580817730225449,0.9020208205756277,0.0930802204531537,0.194,0.043,54930571264,Technology,0,ADSK,25.0
0.9763449065242273,0.6759852455833819,0.11560473101869516,0.9060402684563759,0.18486882245271508,0.194,0.043,54930571264,Technology,0,ADSK,50.0
0.7286390108107185,1.0150811204613768,0.21339641009000393,0.477003421573924,0.22501350621285793,0.062,0.103,87830085632,Technology,0,ADP,25.0
-3.0667969167711897,0.8436618743684324,-0.15308958196258307,0.5271828595453885,0.13628893325529268,0.082,-0.06,61779869696,Consumer Cyclical,0,AZO,50.0
-2.7739723400002645,0.8419442565987261,-0.10945442937538542,0.5385613707650685,0.12346192268646958,0.082,-0.06,61779869696,Consumer Cyclical,0,AZO,50.0
0.7112673473766946,0.22225254020147142,0.019854932951827345,0.6395385316672924,0.3172051804579825,0.037,-0.416,25212395520,Real Estate,0,AVB,25.0
0.6909360550944587,0.35787400255934393,0.023623635091330007,0.6196754029780609,0.38092280186726335,0.037,-0.416,25212395520,Real Estate,0,AVB,25.0
1.5936880903017738,1.0262801408832294,0.07661829071642479,0.28929851510496674,0.07741004515198063,0.039,-0.044,14469697536,Consumer Cyclical,0,AVY,12.5
1.3632314146088311,1.0754908125480334,0.07524975132984474,0.278720775952784,0.07960836345335591,0.039,-0.044,14469697536,Consumer Cyclical,0,AVY,12.5
0.8008003590190829,2.8254727215323405,0.03442294998969033,0.6058962979161179,0.1457508121656702,0.385,-0.98,45811396608,Industrials,0,AXON,50.0
0.35347963854007747,1.3372240749563284,0.023588780659547,0.22950054457756341,0.06254862299673253,0.003,-0.257,60163837952,Energy,0,BKR,25.0
0.7634404342141754,1.1267715511636978,0.01220236916128521,0.42811077389984825,0.05842185128983308,0.016,0.261,62122741760,Healthcare,0,BDX,12.5
1.4661599710459645,1.0233405288720994,0.07310893955845096,0.23371734915022244,0.0230409490133455,-0.01,3.624,14156622848,Consumer Cyclical,0,BBY,25.0
1.4433760683760684,1.0259481037924152,0.041666666666666664,0.20920562087754516,0.00838829939776312,-0.01,3.624,14156622848,Consumer Cyclical,0,BBY,25.0
0.20985815339254965,3.707004562539893,0.011193121988082408,0.6785859997912588,0.07144009285820463,-0.004,0.089,9050822656,Healthcare,0,TECH,37.5
0.2968398700974269,12.35762816553428,0.0314347572653843,0.47877179681576953,0.2862016679302502,0.234,-0.325,162756411392,Financial Services,0,BLK,62.5
0.2994420465312138,16.397135416666668,0.035161595957469205,0.4925136515765369,0.2941694556984323,0.234,-0.325,162756411392,Financial Services,0,BLK,62.5
0.281564226398066,2.269256914383361,0.008843927722670912,0.39668813658694796,0.0328965195582103,0.036,-0.941,39775354880,Technology,0,XYZ,25.0
0.372326420829256,2.326040816689478,0.09150019851483444,0.3831536887898854,0.322586045959585,0.036,-0.941,39775354880,Technology,0,XYZ,50.0
0.5271024671348821,1.4501779359430604,0.03034395822078156,0.688398027021231,0.14454214025305598,0.159,0.189,107106852864,Healthcare,0,BSX,62.5
2.946632928863074,1.2788948899044454,0.14123871412962216,0.729220605303098,0.21926613695205785,0.013,14.097,126902853632,Healthcare,0,BMY,62.5
0.966889891644871,1.0769044035539157,0.07135055902049263,0.6796187683284457,0.33091175686483604,0.164,1.727,1505496662016,Technology,1,AVGO,62.5
0.9540042126982762,1.0038259206121474,0.07885196807519809,0.6801421292571735,0.3689326897291499,0.164,1.727,1505496662016,Technology,1,AVGO,62.5
1.5281229012760242,1.317225561531161,0.10203995970449967,0.31782303913451454,0.13418336369156042,0.078,0.999,22033983488,Technology,0,BR,25.0
0.5852514294091775,1.2002028397565923,0.04852660900161267,0.5068592057761733,0.23898916967509026,0.362,0.257,24532793344,Financial Services,0,BRO,50.0
0.6844477836213373,3.884259259259259,0.03656398697721012,0.5738255033557047,0.16331096196868009,-0.054,-0.132,12168512512,Consumer Defensive,0,BF-B,50.0
0.7488883076118231,3.4873675631621843,0.07062516348417473,0.5980676328502416,0.2608695652173913,-0.054,-0.132,12168512512,Consumer Defensive,0,BF-B,50.0
1.1680473508056404,1.8209742563792843,0.022016570038590266,0.30491926717076384,0.02633058245313187,-0.121,-0.835,10605920256,Industrials,0,BLDR,12.5
0.7242389865759122,2.0355008787346223,0.019001701644923426,0.05127544447307395,0.017263591857768615,0.755,-0.842,22253545472,Consumer Defensive,1,BG,37.5
0.9965787084408192,1.291760277286253,0.07799622418538961,0.08019665211997806,0.03343481419611836,-0.065,-0.087,22522535936,Industrials,1,CHRW,12.5
0.5186402239242989,3.073638091987266,0.057278952954164734,0.8654720106635243,0.22020805463124393,0.062,0.141,83275792384,Technology,1,CDNS,50.0
0.8094705561656492,0.1307852881591171,0.00841221454765766,0.6159768540447813,0.0993995877766825,0.022,2.835,11569427456,Real Estate,0,CPT,12.5
1.7819121447028423,0.7813267813267813,0.017054263565891473,0.29414141414141415,0.02666666666666667,-0.034,-0.11,7480187904,Consumer Defensive,0,CPB,12.5
1.962915601023018,0.9320246117784939,0.04424552429667519,0.30502793296089387,0.06443202979515829,-0.034,-0.11,7480187904,Consumer Defensive,0,CPB,12.5
-2.6048168249660786,0.9436200971032677,-0.17164179104477612,0.03868581216516637,0.009220452640402346,0.188,0.168,52508413952,Healthcare,1,CAH,25.0
2.862509992006395,0.336609907120743,0.05645483613109512,0.3859039190897598,0.08928571428571429,0.066,0.393,38790832128,Consumer Cyclical,1,CCL,37.5
3.091691168463465,0.25712558300224564,-0.008493956223456387,0.35180722891566263,-0.01342512908777969,0.066,0.393,38790832128,Consumer Cyclical,0,CCL,12.5
0.8385164874810592,1.2043930965625447,0.029727974601342088,0.2769260252970487,0.07895745496358758,-0.06,-0.979,51061702656,Industrials,0,CARR,0.0
4.017952127659575,3.81365998515219,0.14361702127659576,0.21951795841209829,0.05103969754253308,0.58,9.848,69292916736,Consumer Cyclical,1,CVNA,50.0
2.1358277522554934,1.3198036508666973,0.11086511318979354,0.3479542424029756,0.14057126815916907,0.18,-0.139,342713139200,Industrials,1,CAT,62.5
0.36018957345971564,1.602507269173936,0.056288043844477886,0.3757322175732218,0.2097071129707113,0.087,0.595,31418103808,Financial Services,0,CBOE,37.5
1.070152137164936,0.9965955097534045,0.01968123641632456,0.18462401795735128,0.018294051627384962,0.118,-0.146,42192732160,Real Estate,1,CBRE,25.0
2.5800008609186,1.3234627691775491,0.09681029658645775,0.21586428420303513,0.04325748687272797,0.063,0.058,16257283072,Technology,0,CDW,12.5
7.756635075535352,0.8726117548437903,0.7087724875769744,0.040552154432561556,0.009514063019834701,0.055,0.145,71641759744,Healthcare,1,COR,12.5
2.0252852578731173,0.9313217743751407,0.027110908261068007,0.3993150684931507,0.10171232876712329,0.107,0.065,28732876800,Utilities,0,CNP,25.0
0.6895397489539749,2.5910543130990416,0.06527196652719665,0.343956704750451,0.18761274804570055,0.228,0.232,16332104704,Basic Materials,0,CF,87.5
5.881516587677726,0.3633703920421299,0.07490613651751092,0.5659264652348016,0.08860575172915908,-0.023,-0.091,30022973440,Communication Services,0,CHTR,12.5
0.1988756666934684,1.0804436726233824,0.02345152903969339,0.2899720179605648,0.07592026203336154,-0.082,-0.145,371899760640,Energy,0,CVX,37.5
1.3271981900224357,1.5222997275404062,0.11074568188120332,0.2621063259476644,0.1344573851414119,0.049,-0.003,48507768832,Consumer Cyclical,0,CMG,25.0
0.4845528455284553,1.9526490066225166,0.04836299714348495,0.4495944380069525,0.15002385658782633,0.039,-0.242,24608530432,Consumer Defensive,0,CHD,62.5
0.5721945742998344,3.404126793115963,0.0032304667338284867,0.40220876507046055,0.007966227246646617,0.203,-0.474,48599769088,Technology,1,CIEN,37.5
0.5650604518756674,3.6504432226505124,0.01595630238503261,0.4400248074161118,0.041568276350885044,0.203,-0.474,48599769088,Technology,1,CIEN,37.5
0.566654235549253,2.089489097611313,0.0956895758569626,0.49706221051321536,0.16803391146971194,0.093,0.104,80421560320,Industrials,0,CTAS,100.0
0.5861708688206735,1.721368717242289,0.10093030689980158,0.5056575701212537,0.17764229776721158,0.093,0.104,80421560320,Industrials,0,CTAS,100.0
0.6374006748666594,0.9513262791708943,0.05422880156743224,0.6557353876599052,0.17605484486536152,0.097,0.308,319525027840,Technology,1,CSCO,37.5
109.03703703703704,0.7378190255220418,6.888888888888889,0.4460431654676259,0.11151079136690648,-0.008,-0.187,14324155392,Consumer Defensive,0,CLX,25.0
0.1265006085672957,1.0166792675353853,0.03537459259286663,0.8741399257139377,0.5822322352797905,0.08,0.353,115043975168,Financial Services,0,CME,62.5
2.035512897420516,1.0590026646364674,0.03647270545890822,0.426644871270944,0.12423375561912546,0.123,0.091,23936067584,Utilities,0,CMS,37.5
1.8743225707961224,1.099546370967742,0.12708953514998855,0.6259322490789828,0.29921825860364815,0.024,0.035,335848112128,Consumer Defensive,0,KO,62.5
0.07913282770655748,2.215208455666471,0.0444996308477079,0.3358748778103617,0.12961876832844574,0.049,0.187,31429939200,Technology,0,CTSH,25.0
1.144093815646714,0.6453396337861784,0.03895519287148826,0.7184394552815605,0.11292535215980191,0.012,-0.546,116932575232,Communication Services,0,CMCSA,25.0
0.15655822439115527,1.0772443601725914,0.09526604476163089,0.22029109598391514,0.092442687816103,0.417,1.268,50351771648,Industrials,1,FIX,50.0
0.364572794996781,1.2683622177207592,0.04367086667279806,0.3073802748683175,0.17248895077798632,-0.068,-0.375,141363527680,Energy,0,COP,75.0
1.1022999621578438,1.2830543933054392,0.03325905058234874,0.5493955814922884,0.1648603584827011,0.089,-0.042,40653778944,Utilities,0,ED,50.0
1.5920445943156012,1.066917517121897,0.0710343403757484,0.5036182902584493,0.20520874751491053,-0.098,-0.184,26324736000,Consumer Defensive,0,STZ,37.5
1.7601714617843651,0.9209952418715305,-0.0545335658238884,0.515063302837076,-0.17341280842805656,-0.098,-0.184,26324736000,Consumer Defensive,0,STZ,25.0
0.6451065143562829,1.4715049656226127,0.009107749305341155,0.1265468473777254,0.0173836181496759,0.129,-0.493,116868579328,Utilities,1,CEG,50.0
0.31194874455531557,2.099456790123457,0.010581691381411455,0.6775416541953507,0.08749875286840267,0.046,-0.28,16298356736,Healthcare,0,COO,37.5
0.3125146112485081,1.9877951180472189,0.012833290268600889,0.6843578314501918,0.1081165129055665,0.046,-0.28,16298356736,Healthcare,0,COO,37.5
0.0115086868037179,8.155369088706683,0.04630452832547924,0.455772639793483,0.33556460424719986,-0.036,-0.095,36726587392,Industrials,0,CPRT,50.0
0.014383002477817515,7.88832771898729,0.04666763117922985,0.4517714877127109,0.3330135577951305,-0.036,-0.095,36726587392,Industrials,0,CPRT,50.0
0.7608249346771183,1.6900287419854079,0.014650989175065323,0.35168018539976825,0.045480880648899186,0.204,0.742,124273786880,Technology,1,GLW,25.0
2.365892011085645,1.102091136345149,0.07042401550044645,0.7794061055995672,0.24186236597203647,0.207,0.075,23211653120,Technology,0,CPAY,50.0
2.560923819363798,0.9963237899093935,0.07877260082335631,0.7788349343745499,0.23776839634543048,0.207,0.075,23211653120,Technology,0,CPAY,50.0
0.13343540356700404,6.009525124240751,-0.001729739837778453,0.7906309751434034,-0.020213056541928436,0.269,-0.226,20173963264,Real Estate,0,CSGP,50.0
0.1523002581584696,8.962882491399602,0.007916859733898192,0.8013814491119255,0.08429658866647871,0.269,-0.226,20173963264,Real Estate,1,CSGP,50.0
0.30156682027649767,1.0152212671971048,0.07015668202764977,0.12987896527173484,0.030108377501779922,0.083,0.113,446949982208,Consumer Defensive,0,COST,50.0
0.3143058216366267,0.9972431687342901,0.06990655667201001,0.12521381604758094,0.028058942610988184,0.083,0.113,446949982208,Consumer Defensive,0,COST,50.0
0.31791338582677164,0.8992537313432836,0.03627671541057368,0.4742647058823529,0.2710084033613445,0.234,0.239,23252469760,Energy,0,CTRA,62.5
0.2897424173144338,2.9234154929577465,0.02263374485596708,0.35555555555555557,0.2129032258064516,0.234,0.239,23252469760,Energy,0,CTRA,62.5
0.8046309010843317,1.6347566574839303,-0.004450968322363748,0.2719064535227946,-0.013913558318531676,0.062,0.458,75889278976,Basic Materials,1,CRH,37.5
1.6117502054231718,0.8827828120432623,0.05308134757600658,0.3041191936897458,0.18872334209757521,-0.009,-0.018,79551832064,Industrials,1,CSX,37.5
0.7355364335408275,1.342548596112311,0.07543024533138044,0.2636408123317837,0.10080743821874236,0.011,0.419,79291777024,Industrials,1,CMI,37.5
1.0556877120461725,0.822731309225391,0.023125219358109426,0.15219689601217914,0.01880788260667315,0.084,0.79,102502047744,Healthcare,0,CVS,37.5
0.3240378375189286,1.4334085778781038,0.018761430903262603,0.6115659292806132,0.16617314056784532,0.046,0.102,144730210304,Healthcare,0,DHR,50.0
2.6953229784104185,0.4172191323692992,0.13144118028814952,0.23376226426628358,0.0928569245346456,0.073,0.103,23666360320,Consumer Cyclical,0,DRI,12.5
2.759509759418974,0.3857036485480268,0.14679981842941445,0.22238758708043066,0.10240658644711843,0.073,0.103,23666360320,Consumer Cyclical,0,DRI,25.0
0.6436427245554354,2.736831492816296,0.008448664471929327,0.7930176888542229,0.03235756408286751,0.292,0.021,41720328192,Technology,1,DDOG,37.5
-46.1261395502076,1.2509324744683297,-0.6099453015900352,0.3052148747537249,0.0505399517113077,0.099,-0.097,10348225536,Healthcare,0,DVA,25.0
0.11021630210428676,3.715187267595829,0.06025078262627372,0.567409814245728,0.14818356201922137,0.071,0.053,15847564288,Consumer Cyclical,0,DECK,50.0
2.7422489397620127,2.2137012857427942,0.07427842055420596,0.39249500998003994,0.1440319361277445,0.13,-0.245,166472253440,Industrials,0,DE,75.0
2.876240046265403,2.2496018749436617,0.03865830330530717,0.39034132171387076,0.10518034374243525,0.13,-0.245,166472253440,Industrials,0,DE,50.0
-9.517526455026456,0.8513149022252191,-0.3191137566137566,0.2111814526477885,0.04127812473265463,0.395,0.366,98583101440,Technology,1,DELL,37.5
-16.576923076923077,0.7786661508371483,-1.116059379217274,0.24344991851573272,0.0691153733650913,0.395,0.366,98583101440,Technology,1,DELL,37.5
1.4423512656179194,0.3783292366746355,0.01553699747523791,0.20576923076923076,0.017094017094017096,0.029,0.446,41676271616,Industrials,1,DAL,12.5
0.6158129941560674,1.0793255942509674,0.03396356136129254,0.26774483378256964,0.11096136567834682,-0.121,-0.121,26962890752,Energy,0,DVN,37.5
1.1396805788405542,1.4993908662869184,0.04650136768728492,0.5685328185328186,0.10173745173745173,0.131,0.762,28432185344,Healthcare,0,DXCM,50.0
0.8592316120918511,1.2940961953035919,0.005164165852492144,0.5699715196460451,0.07812667612459746,0.171,-0.48,63877791744,Real Estate,0,DLR,25.0
2.2090807970182498,1.2330912063638557,0.05087553803950147,0.3096295996762738,0.03755546077660754,0.046,0.438,33365618688,Consumer Defensive,1,DG,37.5
2.3555537061283918,1.1885688154763447,0.025792360016385865,0.294004521132422,0.018556653608938545,0.046,0.438,33365618688,Consumer Defensive,1,DG,37.5
2.0250460971112476,1.043694153069153,0.08794304445810285,0.35620837554152207,0.07401340603918356,0.094,0.048,24037609472,Consumer Defensive,1,DLTR,37.5
1.96877357067431,1.0607158247824922,-0.9292251219389551,0.12480755003699039,0.7389878631555795,0.094,0.048,24037609472,Consumer Defensive,1,DLTR,50.0
1.6116572263840672,0.7297789929368876,0.023606797003471586,0.5053974484789009,0.15848871442590776,0.204,3.231,54985613312,Utilities,0,D,75.0
-1.3306708840572006,0.5987493811735307,-0.03824761902814638,0.3984934211946161,0.13457146043005028,0.031,0.215,13674181632,Consumer Cyclical,0,DPZ,50.0
0.06282035999523185,1.7157526764256064,0.02300631779711527,0.5052770448548812,0.06365435356200527,0.377,0.511,77219282944,Consumer Cyclical,1,DASH,50.0
0.41648907844708294,2.1289259644879013,0.032337984694653106,0.3995050531628421,0.12369437407927616,0.088,-0.804,30412355584,Industrials,0,DOV,62.5
0.27005685017942954,11.272888131594469,0.03331264310172606,0.24569433669511248,0.1047840703387639,-0.095,-0.296,44447989760,Consumer Cyclical,1,DHI,37.5
1.9660263400721416,0.8711464354527938,0.03732908313060985,0.2731981981981982,0.10022522522522523,0.289,0.264,31193421824,Utilities,0,DTE,37.5
1.7264850996644958,0.7684210526315789,0.027215314781922243,0.5184870893441629,0.1671717783973815,0.08,-0.017,102557966336,Utilities,0,DUK,50.0
1.7003152056816822,0.6690086273699437,0.024039420659936958,0.5292119565217391,0.1637228260869565,0.08,-0.017,102557966336,Utilities,1,DUK,50.0
0.5808386469253215,1.3058181054400335,0.052091213660434454,0.383722753645915,0.15116826093774502,0.131,0.166,138022420480,Industrials,1,ETN,87.5
0.5312094331458244,1.501972763141148,0.052520553872782344,0.3892628205128205,0.15560897435897436,0.131,0.166,138022420480,Industrials,1,ETN,87.5
1.4501010101010101,1.1687074829931974,0.10161616161616162,0.7203094777562863,0.19458413926499032,0.15,-0.222,41145561088,Consumer Cyclical,1,EBAY,50.0
2.379978341956443,0.955978890462093,0.0897605582962339,0.4673314090789819,0.39149829441091577,0.308,4.435,28432199680,Utilities,0,EIX,75.0
0.06905130964487052,4.454186980212217,0.035345108454194515,0.786508105047073,0.2534154456006229,0.133,-0.763,50035597312,Healthcare,0,EW,62.5
0.07001120179228676,4.175790592612278,0.03856617058729397,0.7891470630682638,0.2782508298455766,0.133,-0.763,50035597312,Healthcare,0,EW,62.5
0.305512057626057,0.9470945359930616,0.03977450673347949,0.8058047493403694,0.13403693931398417,0.01,-0.7,50483679232,Communication Services,1,EA,25.0
0.21544924214149563,1.163116831688796,0.08158661295740921,0.1868757388738399,0.062232699621344936,0.197,0.488,33145540608,Industrials,1,EME,50.0
0.118773907232873,1.2973920902061526,0.09945374834434381,0.20079872276505767,0.07749589590927791,0.197,0.488,33145540608,Industrials,1,EME,50.0
0.771520598472648,0.7954084455098653,0.02519611408384851,0.5349729241877257,0.10943140794223827,0.041,0.034,81651892224,Industrials,1,EMR,37.5
2.03650593655935,0.8245447969478674,0.023866616890493714,0.509646018756011,0.12730524779108593,0.079,-0.177,48243417088,Utilities,0,ETR,37.5
0.17150020327957718,1.8674593460395175,0.049566336902019247,0.6826429305032523,0.25042793563848,0.0,-0.44,69414625280,Energy,0,EOG,62.5
0.043414188743639906,3.061231188000872,0.020172765092512725,0.26863804955396514,0.056451142052036885,0.128,0.059,7783132672,Technology,1,EPAM,25.0
0.40509854290110764,0.5679111561901894,0.011687440992997353,0.5504233765192129,0.10010836090589882,0.269,0.618,38274240512,Energy,0,EQT,37.5
0.9965670922669236,0.8525622508521579,0.026720468963302015,0.5445908460471567,0.09230235783633842,0.092,0.01,25285996544,Industrials,0,EFX,25.0
0.7378282354197802,0.18279250507208103,0.023226607696158256,0.6168018296289481,0.3372616027654736,0.02,-0.088,24616499200,Real Estate,0,EQR,25.0
1.2287970863919055,1.0050983180227882,0.03646498447666347,0.860599720609665,0.4371877576235032,0.032,-0.687,17708124160,Real Estate,0,ESS,37.5
1.4502648379755503,0.5534636736664253,0.012587356252391598,0.502582757366315,0.09094216078574027,0.066,0.078,19417344000,Utilities,0,EVRG,25.0
1.9186671600638723,0.7537315058908015,0.035902403564453685,0.8816406857031857,0.133738344988345,0.134,4.81,28293668864,Utilities,0,ES,50.0
1.7484695910457493,1.0858941132913735,0.032890209004962506,0.42374143580577894,0.13523979743818887,-0.011,-0.082,50377461760,Utilities,0,EXC,37.5
6.032649253731344,0.7315457922791149,-0.1865671641791045,0.8805220883534136,-0.06693440428380187,0.114,-0.314,27169656832,Consumer Cyclical,1,EXPE,25.0
0.2573979860800922,1.8292249593517176,0.08915732015744221,0.1323347905936764,0.07643022345700357,-0.033,-0.149,19664889856,Industrials,1,EXPD,37.5
0.9538901979269935,1.2304717344184177,0.01950595195274472,0.7064647797491942,0.33033657440210146,0.046,0.095,33319088128,Real Estate,0,EXR,25.0
0.1429316382460414,1.2357339256931559,0.029358252131546893,0.22804658392755806,0.09515408719682203,-0.013,-0.146,624097820672,Energy,0,XOM,37.5
0.08051127851311615,1.5328219933075258,0.0439131031715019,0.8072020713340984,0.19904995465879202,0.073,0.082,16254789632,Technology,0,FFIV,37.5
0.7519105115020448,1.4654929536752082,0.068923181429689,0.5205475474791639,0.2536924443229949,0.068,0.017,8435426304,Financial Services,0,FDS,37.5
0.8085600926046117,1.4686589405347967,0.07042578772016567,0.5275575649248239,0.2538464234395262,0.068,0.017,8435426304,Financial Services,0,FDS,37.5
-2.267684235248903,2.11195016926833,-0.14466857405173425,0.8242954675328581,0.32605491894493066,0.164,0.038,34690772992,Technology,0,FICO,50.0
0.13435222068666505,4.276617422312786,0.08094192884047367,0.45110748188220884,0.15244462590588956,0.111,0.122,53309960192,Industrials,0,FAST,87.5
1.4412614380047377,1.0296034127845635,0.01997818840990626,0.6623980281671917,0.20626613273643557,0.075,0.98,9566804992,Real Estate,0,FRT,12.5
1.3327634109852533,1.193043929660632,0.05870200185224763,0.23892889288928892,0.07416741674167417,0.139,-0.107,90649362432,Industrials,1,FDX,37.5
1.3865134042234537,1.2387737478411054,0.03403474614347761,0.2134927797833935,0.04101985559566787,0.139,-0.107,90649362432,Industrials,0,FDX,25.0
0.802376526818906,0.634167385677308,0.005111524163568773,0.3471563981042654,0.030410742496050552,0.082,0.815,25933967360,Technology,0,FIS,12.5
0.07699600382737531,1.9286081109342113,0.025592579953376764,0.4077859923653276,0.2480972520862737,0.111,0.325,21169240064,Technology,1,FSLR,37.5
0.5068521065770034,1.3627056982105843,0.220795761373478,0.8096382412158213,0.2814834058582841,0.148,-0.038,61566627840,Technology,0,FTNT,50.0
0.3773689969129772,0.9920754301647283,0.01679301316869212,0.5975444308777642,0.11660561660561661,0.046,-0.111,18415122432,Technology,0,FTV,25.0
0.3805135151051175,1.1581040028591851,0.020493492727165656,0.6030981916928964,0.12886502499537122,0.046,-0.111,18415122432,Technology,0,FTV,25.0
1.0685890166855663,3.959942888871262,0.012263081159889843,0.7888131097849768,0.07170597707682107,0.034,0.562,13863778304,Financial Services,1,BEN,37.5
0.531659882406151,2.322396096247686,0.01990049751243781,0.2629189944134078,0.061452513966480445,-0.015,0.482,94733148160,Basic Materials,1,FCX,62.5
0.017144737109140707,4.095028525102541,0.04068340302400716,0.5762136513671106,0.2167736413091273,0.166,0.213,48337711104,Technology,0,GRMN,50.0
1.859659219122825,1.0897379667932152,0.1408274771773484,0.690358704933741,0.13749747413843677,0.022,-0.392,12025711616,Technology,0,IT,25.0
1.0166225131162017,1.0754414584585443,0.1027479091995221,0.39651701228105496,0.19911415341252264,0.176,0.338,358394101760,Industrials,1,GE,75.0
0.9996734516164145,0.9765272344267228,0.061391096114074235,0.42118484404437934,0.11806573163073059,0.071,-0.183,36013342720,Healthcare,0,GEHC,12.5
3.6646099603349493,0.5064889512451771,0.0625826355222565,0.802970297029703,0.1405940594059406,0.258,0.208,13746601984,Technology,0,GEN,37.5
0.5177502812148481,1.3388592750533048,0.0447244094488189,0.15487196269328316,0.0813220976846928,0.078,-0.004,98992390144,Industrials,1,GD,37.5
1.6628293764675188,0.6714392984867575,0.03195930080876598,0.3235152100434573,0.06452745709143584,-0.072,-0.481,23245502464,Consumer Defensive,0,GIS,12.5
1.5315765610156318,0.6673268835225109,0.06753605665428794,0.3385031597207881,0.12919747222336955,-0.072,-0.481,23245502464,Consumer Defensive,0,GIS,25.0
1.302160526041123,1.369278133354938,0.06862540444629997,0.7690115494225289,0.19724013799310033,0.047,0.224,184003346432,Healthcare,0,GILD,50.0
0.7606321064000137,0.9436627765634821,0.013741877316436554,0.6180938751244767,0.12675023983270994,-0.0,-0.616,21717710848,Industrials,0,GPN,25.0
19.457686529794692,0.5562875966771699,1.0991487230846269,0.6311646989868542,0.1837896675877083,0.068,0.234,11983681536,Technology,0,GDDY,37.5
5.62736598757405,0.7233175214942188,0.28695275249241436,0.6463189669629381,0.16652691598188832,0.068,0.234,11983681536,Technology,0,GDDY,25.0
0.8270473618211633,1.9799072642967543,0.019677823864184433,0.16226693741923573,0.03765922097101717,0.008,-0.042,28981413888,Energy,0,HAL,25.0
-13.195794259732878,1.1927224708385298,-0.45751633986928103,0.4126412313738333,0.08787729927405709,0.067,0.306,121755574272,Healthcare,1,HCA,25.0
1.1215424142045105,1.0954878863035096,0.005230551314617515,0.6113995239646658,0.060931384614071354,0.031,24.064,12271001600,Real Estate,0,DOC,12.5
0.9740181268882175,1.3839561193006513,0.03323262839879154,0.31565656565656564,0.034722222222222224,0.077,0.074,9486265344,Healthcare,0,HSIC,12.5
1.3427866915295452,1.592806711878905,0.04785655860877168,0.3365867986208121,0.07991783045598536,0.07,-0.598,47062372352,Consumer Defensive,0,HSY,37.5
0.7344869485063058,1.2866166761757274,-0.043993798969288136,0.2843844237577029,-0.1376688081814606,0.144,-0.872,28759054336,Technology,1,HPE,0.0
0.7087297811607992,1.3255701895277867,0.024857278782112274,0.2922077922077922,0.07983193277310924,0.144,-0.872,28759054336,Technology,0,HPE,0.0
-2.71356783919598,0.571664943123061,-0.06852444038373687,0.2586270871985158,0.11131725417439703,0.07,-0.412,70857859072,Consumer Cyclical,1,HLT,25.0
0.5479896940697598,3.2420935637061734,-0.003767293827267413,0.3753108524818462,-0.017308266189197254,0.025,-0.109,16892942336,Healthcare,1,HOLX,12.5
7.704714016341923,1.0930703725980564,0.4315524827152734,0.3376906864712967,0.08613508631071859,-0.038,-0.142,367493054464,Consumer Cyclical,0,HD,25.0
9.381024096385541,1.1054394473326123,0.45135542168674697,0.3282792665726375,0.07548357848075761,-0.038,-0.142,367493054464,Consumer Cyclical,0,HD,25.0
1.8800893317299434,1.2525485931765665,0.08297543377426558,0.3853593972714315,0.14752596212583996,-0.033,-0.77,165751734272,Industrials,0,HON,50.0
1.7307589021966807,1.3129469326307865,0.06901552177882808,0.36379857256145914,0.12737906423473433,-0.033,-0.77,165751734272,Industrials,0,HON,50.0
0.3558050415464391,2.4720629617132044,0.02241153477499761,0.16711443661364492,0.06210031012725912,0.013,0.066,13444622336,Consumer Defensive,0,HRL,37.5
0.8487218045112782,0.6273291925465838,0.03729323308270677,0.5432873274780426,0.15558343789209536,0.128,0.25,14017386496,Real Estate,1,HST,25.0
0.7268363939899833,2.295865633074935,0.07178631051752922,0.3357363542739444,0.17713697219361482,0.146,0.185,104698298368,Industrials,1,HWM,75.0
-9.338557993730408,0.7327157704473566,-0.3181818181818182,0.20718608169440242,0.03071104387291982,0.069,-0.035,17606942720,Technology,0,HPQ,12.5
0.6164530569693997,1.1668988288706599,0.05203286931992396,0.3305010254907706,0.12430413126281864,0.119,0.131,26088523776,Industrials,1,HUBB,62.5
0.713597318248481,1.065126050420168,0.03121726377540331,0.1441111923920995,0.054498902706656915,0.157,0.293,17141206016,Industrials,1,HII,25.0
2.486421130952381,1.0065515866233692,0.039248511904761904,0.5523003919950484,0.07255346950003438,0.122,0.922,234480467968,Technology,1,IBM,25.0
2.138499285897389,1.0404320801400035,0.10671256454388985,0.5947131544465334,0.16601150800432973,0.122,0.922,234480467968,Technology,1,IBM,50.0
0.5033532995443608,2.7873543522960933,0.02444580965545487,0.453027139874739,0.11727864423431168,0.042,0.041,15621078016,Industrials,0,IEX,50.0
0.7315949511503005,1.15965316362337,0.167593108625406,0.6243611200418258,0.2430593323297547,0.143,0.148,51799556096,Healthcare,1,IDXX,50.0
2.5495217525455107,1.5970899470899471,0.2159827213822894,0.43709299296691845,0.18233915082052618,0.041,0.053,82784010240,Industrials,0,ITW,62.5
0.011756853256508477,2.0388544954629744,0.043135728002491026,0.9304775961204219,0.1502548205049302,0.278,0.487,19674570752,Healthcare,1,INCY,75.0
0.4610865252556081,2.382143639150427,0.017787654509385013,0.4458876980428705,0.10863233923578751,0.101,0.158,36282990592,Industrials,0,IR,62.5
1.274066280904787,4.474250576479631,0.02660254001653265,0.718804920913884,0.062214411247803164,0.312,0.009,17098447872,Healthcare,0,PODD,50.0
0.0026654820079964462,1.1291520712607992,0.04731230564193692,0.8809523809523809,0.09220779220779221,0.152,0.309,117550686208,Financial Services,1,IBKR,50.0
0.0032710280373831778,1.1557724522238555,0.05070093457943925,0.8954977282114829,0.08963238331268071,0.152,0.309,117550686208,Financial Services,1,IBKR,50.0
0.7371487810109387,0.9991803278688525,0.02849074140273111,0.550944564880768,0.24682564261381232,0.078,0.219,94814986240,Financial Services,0,ICE,37.5
0.3521490683229814,1.4465506525792418,0.14012422360248447,0.8460149600206345,0.36368326025277276,0.41,-0.146,122534977536,Technology,0,INTU,62.5
0.3839768232213494,1.272461345591308,0.026241016212602372,0.7635629573555387,0.11884935654806965,0.41,-0.146,122534977536,Technology,0,INTU,37.5
0.8338259540043038,0.8082278858738572,0.017054707699216055,0.5934817837175064,0.24573782134061994,0.043,0.01,16447342592,Real Estate,0,INVH,12.5
2.4271373598795383,0.8233737289316061,0.04165969549941442,0.3389919038913555,0.06503003395142334,0.103,0.176,30303182848,Healthcare,1,IQV,25.0
-24.535412013972397,0.6161270099626494,-0.02283685506499456,0.5540401462076986,0.010016772065061295,0.166,-0.141,31905826816,Real Estate,0,IRM,25.0
0.40848191714168747,0.8912618872957653,0.03044995012508169,0.1251304172805293,0.040302705011857363,-0.016,0.165,22368692224,Industrials,1,JBHT,25.0
2.5914396887159534,0.9833749554049233,0.17276264591439688,0.08699540112416965,0.028359734287174247,0.187,0.46,27257479168,Technology,1,JBL,37.5
2.4248895434462443,1.024279334145351,0.0861561119293078,0.08561236623067776,0.017390011890606422,0.187,0.46,27257479168,Technology,1,JBL,37.5
0.08347938132939442,1.361807430260959,0.05456015941615503,0.4178882798626529,0.18989996359515765,0.079,0.274,12190480384,Technology,0,JKHY,25.0
0.6689626035412053,1.2574205226437973,0.14081603912481278,0.6639565157813,0.5023980267665464,0.091,0.491,590931361792,Healthcare,1,JNJ,75.0
0.6318253717178108,0.9604806634509605,0.03024359379943056,0.3645172656800564,0.08421423537702608,0.068,0.251,85664784384,Industrials,1,JCI,62.5
0.8806326469710534,0.8565856585658566,0.032030239729434,0.5795241913926757,0.08607324244854317,0.032,0.126,34865356800,Consumer Defensive,0,KVUE,37.5
0.5048384151907979,3.386617100371747,0.0469234982654738,0.6232771822358346,0.19678407350689128,0.233,0.663,51686031360,Technology,1,KEYS,75.0
0.38943512627723154,2.9529489728296885,0.03258145363408521,0.6317411402157165,0.13020030816640987,0.233,0.663,51686031360,Technology,0,KEYS,62.5
6.58219800181653,0.7630400231180465,0.5149863760217984,0.35805785123966943,0.11714876033057851,-0.006,0.116,34762231808,Consumer Defensive,0,KMB,25.0
0.768797866621535,3.3861773677130893,0.012543779553914159,0.6950415933689138,0.24750477056561018,0.032,-0.09,15958078464,Real Estate,0,KIM,50.0
1.074955072700539,0.44634821737625474,0.023427544518869466,0.5081348738505069,0.16906390002357935,0.131,0.493,75443183616,Energy,0,KMI,37.5
1.848973281276034,4.107006277751331,-0.006768259482612788,-0.027718970306364464,-0.06086499634169696,0.763,0.018,86869975040,Financial Services,0,KKR,25.0
2.1485442318242916,4.121545687497793,0.047589022427603954,0.2964526087527106,0.35169417381685925,0.763,0.018,86869975040,Financial Services,0,KKR,37.5
1.5204918472839304,2.5435293070539133,0.2717820062680739,0.6161678521489675,0.35533976335189776,0.072,0.39,193923268608,Technology,1,KLAC,62.5
0.43677719369187223,1.307256392536282,0.014395471087747675,0.34405734289048173,0.11868644774129021,-0.034,-0.695,28457226240,Consumer Defensive,0,KHC,37.5
0.6404265328524384,1.0197341925090617,0.020176676598191418,0.26305533904910366,0.07521434138737335,0.023,-0.338,68958904320,Industrials,1,LHX,12.5
0.7847942797987336,1.8355613678194322,0.025615716108529744,0.28339959941406834,0.06361543750560521,0.056,0.149,23284121600,Healthcare,0,LH,12.5
0.47148464873429535,2.451858294724168,0.13990666699610613,0.49016953820568093,0.2819105223852929,0.221,0.338,280082120704,Technology,1,LRCX,75.0
5.1319007039644315,0.5948840927258193,0.13041867358280845,0.49510831586303283,0.12299091544374563,0.26,0.219,37910859776,Consumer Cyclical,1,LVS,62.5
1.3474277660324172,1.536305302262749,0.08527131782945736,0.17832744405182568,0.08551236749116607,-0.036,0.151,22596485120,Technology,1,LDOS,12.5
0.18637273972190185,9.146330059896464,0.021145635694634148,0.09602265687313474,0.056991809730394576,-0.058,-0.553,26309027840,Consumer Cyclical,0,LEN,25.0
0.15876412209448085,10.539331214654805,0.02285837431282014,0.11282787430330293,0.06807612351103216,-0.058,-0.553,26309027840,Consumer Cyclical,0,LEN,25.0
1.747565982404692,1.432875019310984,0.14111436950146627,0.30626515010255456,0.11215737460376655,-0.112,-0.197,19311073280,Industrials,0,LII,12.5
2.4431581751750735,1.3722583069764966,0.17502917893027503,0.8252582786659858,0.2167812389519582,0.426,0.505,897954414592,Healthcare,1,LLY,75.0
0.6283392932267564,0.9386952019330341,0.04398927219183845,0.4875493096646943,0.20623767258382644,0.058,-0.113,231321731072,Basic Materials,0,LIN,62.5
3.0381565165344906,1.0761787888799736,0.25617237767469697,0.1293213828425096,0.0953070199855258,0.091,1.55,153761513472,Industrials,0,LMT,50.0
-2.9391127206880943,1.0128193675183135,-0.12381167949298325,0.3337792642140468,0.07840420449116102,0.109,-0.111,145039622144,Consumer Cyclical,1,LOW,37.5
-2.7881385707258803,1.0853548008743403,-0.07898250298643805,0.3286083863317883,0.060579928856311305,0.109,-0.111,145039622144,Consumer Cyclical,0,LOW,37.5
0.3978911639161967,2.2783968302928352,0.07333415703671929,0.5834349927868189,0.13269384897032893,0.071,-0.128,20540829696,Consumer Cyclical,0,LULU,50.0
0.3644250397833326,2.1636426890189875,0.17307929354144394,0.604168299184521,0.20722791684445535,0.071,-0.128,20540829696,Consumer Cyclical,0,LULU,50.0
1.9600512320078067,1.1942794279427942,-0.004513295925835569,0.04327823079607831,-0.002347939207411873,-0.005,3.137,66373033984,Energy,1,MPC,0.0
1.620625528317836,1.1738128391030873,0.020907297830374753,0.052901590367263183,0.011195944110812686,-0.005,3.137,66373033984,Energy,1,MPC,0.0
-5.003472222222222,0.4521970062771608,-0.20991161616161616,0.19878652403001756,0.10617914737346319,0.042,-0.022,89018916864,Consumer Cyclical,1,MAR,25.0
1.5939566299324563,1.13582806573957,0.09818698897973693,0.45475145163574565,0.1955813624132559,0.087,0.042,90554908672,Financial Services,0,MRSH,12.5
0.6394670190507653,2.2491978609625667,0.012773923576698602,0.24759793052475979,0.08573540280857354,0.086,-0.051,39931400192,Basic Materials,1,MLM,37.5
-13.015748031496063,1.7454772301933874,-0.7322834645669292,0.3575791227096058,0.10327595780122155,-0.019,-0.093,13926725632,Industrials,0,MAS,37.5
2.8184679958027283,1.1108368857976216,0.4916804077349723,0.7671724137931034,0.45241379310344826,0.176,0.215,466503925760,Financial Services,0,MA,62.5
-18.757191645868907,1.6234159365613454,-0.6434716931564429,0.7149732067018135,0.14144984588138762,0.021,0.324,7411161600,Communication Services,0,MTCH,50.0
-60.46251119244726,2.5438784554317775,-2.486624043733015,0.725156247093618,0.18402745484645003,0.021,0.324,7411161600,Communication Services,0,MTCH,50.0
0.7953190273860107,0.6800075336660703,0.03124218945263684,0.37529376318168123,0.10545344983428744,0.029,0.053,17637734400,Consumer Defensive,0,MKC,37.5
0.7943389267932879,0.6488603758986428,0.029928084086299097,0.37620678916225475,0.10109000311429461,0.029,0.053,17637734400,Consumer Defensive,0,MKC,37.5
-15.275911986103068,1.1813872255489022,-0.540822235089751,0.5602015113350126,0.31368597816960536,0.097,0.073,236709707776,Consumer Cyclical,0,MCD,62.5
-13.684931506849315,1.191142191142191,-0.5310853530031612,0.5759236067626801,0.31559173450219163,0.097,0.073,236709707776,Consumer Cyclical,0,MCD,62.5
-3.563162970106075,0.8992597883254334,-0.6075216972034716,0.04006694339539544,0.013873137861554892,0.114,0.349,120734711808,Healthcare,0,MCK,50.0
0.5937864401132767,1.849056603773585,0.021989005497251374,0.6474739554161533,0.11829281953623838,0.087,-0.117,122700881920,Healthcare,0,MDT,50.0
0.720885486707355,1.4103042821959164,0.1050791352022344,0.7798312834052418,0.3270654903728508,0.05,-0.208,297329852416,Healthcare,0,MRK,50.0
0.2676283177231677,2.6623487754499853,0.0899534667538602,0.8210521340454696,0.39334499220116276,0.238,0.093,1689059983360,Communication Services,0,META,87.5
-11.39725357452935,1.0131339181261116,-0.8989185743644976,0.5950580711156171,0.18510677300213638,0.081,0.133,26277515264,Healthcare,0,MTD,37.5
11.028937349485412,1.3059260977044949,0.05205947411359348,0.45760146754259096,0.03473255831896606,0.06,0.865,10032216064,Consumer Cyclical,1,MGM,37.5
0.3180617955387404,2.7547113961519485,0.037144320958461416,0.3771637458337813,0.2026663799591442,0.567,1.802,451070328832,Technology,1,MU,75.0
0.3074866859951062,3.1343150945791547,0.03254991466699566,0.36793741462808893,0.19657270582391656,0.567,1.802,451070328832,Technology,1,MU,75.0
0.18815996719386377,1.3715916852004273,0.08022591498364354,0.6871663859789342,0.3685667798932435,0.167,0.595,3011599663104,Technology,1,MSFT,75.0
0.8439996230415359,0.07533821602436717,0.030409935634174868,0.318615680099036,0.3307384920671042,0.01,-0.655,16062756864,Real Estate,0,MAA,12.5
0.4765207825641887,0.894549514969642,0.009243485634401045,0.3692982075430754,0.0525150818106853,-0.027,-0.172,9342287872,Consumer Defensive,0,TAP,25.0
0.7816560015512896,0.6061038899204876,0.015590459569517162,0.26092558788789866,0.04316546762589928,0.093,-0.619,75731140608,Consumer Defensive,0,MDLZ,25.0
0.0044300445973535435,4.921246776976398,0.04095212441957631,0.5540393441183021,0.2098504597257644,0.208,-0.86,53532164096,Technology,1,MPWR,50.0
0.004124272395253686,5.313062902497564,0.4607343773394533,0.5540089919812118,2.331421263863978,0.208,-0.86,53532164096,Technology,1,MPWR,62.5
0.03053314863441471,3.3748687117305405,0.06794955823652925,0.5650737264620465,0.23886715864373073,0.176,0.659,76803637248,Consumer Defensive,1,MNST,75.0
0.0627674891627969,3.3179416483905975,0.045438706565164716,0.5532131999220768,0.14939562625790476,0.176,0.659,76803637248,Consumer Defensive,1,MNST,75.0
1.9286486486486487,1.5649640041138155,0.16891891891891891,0.7448024948024948,0.32484407484407485,0.13,0.544,83481706496,Financial Services,0,MCO,50.0
3.976234003656307,1.1984965461194637,0.2620353443022547,0.5142405063291139,0.17009493670886075,0.123,0.062,79623282688,Technology,0,MSI,12.5
-4.86694242465339,0.8426047923793313,-0.3010734740290224,0.8165926100725907,0.38695352535309846,0.106,-0.068,43018887168,Financial Services,0,MSCI,37.5
0.8417633812575784,0.9808054196462176,0.03421098215832323,0.39043062200956935,0.18899521531100477,0.046,0.459,50892824576,Financial Services,1,NDAQ,25.0
3.356730769230769,1.255040755040755,0.3269230769230769,0.6887990762124712,0.19630484988452657,0.044,0.117,19872010240,Technology,0,NTAP,37.5
2.2613065326633164,0.931585220500596,0.3005025125628141,0.6977452772699574,0.182205971968312,0.044,0.117,19872010240,Technology,0,NTAP,37.5
0.6249738795116861,1.2036434769536388,0.1202905867649062,0.5007828564723928,0.2741539938010781,0.176,0.294,418504835072,Communication Services,0,NFLX,50.0
0.255568356374808,1.979358643568006,0.060515873015873016,0.4612774451097804,0.3774451097804391,0.206,-0.073,130154930176,Basic Materials,1,NEM,87.5
1.8003292379346343,0.5532566379423473,0.016722878021360316,0.6257403553705779,0.13334400512245878,0.207,0.276,192996622336,Utilities,0,NEE,50.0
0.8338757284492545,2.2110543251940187,0.015969121319912207,0.4027214562494368,0.019014147967919257,0.006,-0.319,86809681920,Consumer Cyclical,0,NKE,37.5
0.8503605340187049,2.1927292167869554,0.056685942742914254,0.41485491170467653,0.07045878072588517,0.006,-0.319,86809681920,Consumer Cyclical,0,NKE,37.5
1.6730847046128945,0.5150050684834626,0.053367502922399064,0.5074661048002932,0.21747893001099303,0.198,0.151,22761431040,Utilities,0,NI,62.5
0.784871080807917,2.56178770517188,0.037970424659089064,0.5474933302876689,0.16458887922476126,0.088,0.409,16089106432,Industrials,1,NDSN,62.5
1.1863413961822067,0.7828985507246377,0.05168492867479843,0.3561643835616438,0.25058469762779817,-0.017,-0.121,71373488128,Industrials,1,NSC,37.5
1.0692071542979178,0.9497458658458015,0.032100907634810466,0.16687790452049006,0.05080270384452894,0.096,0.129,107585953792,Industrials,0,NOC,37.5
9.87888818764675,0.187956067843599,-0.028446193314103297,0.3871184407626978,-0.018939598684498106,0.064,-0.944,9612762112,Consumer Cyclical,0,NCLH,12.5
9.190494998382954,0.17473232812044565,0.1785667432980296,0.38010805142398235,0.12066943337476758,0.064,-0.944,9612762112,Consumer Cyclical,0,NCLH,25.0
3.9560676989557075,1.0618279569892473,0.2700756211739287,0.2357600465928946,0.08736167734420501,0.137,-0.897,35106217984,Utilities,1,NRG,37.5
0.39264537346155765,2.5222375963629178,0.007773182520304948,0.0772669220945083,0.01992337164750958,0.086,0.317,40272257024,Basic Materials,1,NUE,37.5
0.3424657534246575,2.5065300381756077,0.014143687789494432,0.08859069603432083,0.04056653972781049,0.086,0.317,40272257024,Basic Materials,1,NUE,37.5
0.1226697517980034,3.3884032853590536,0.2239304414202736,0.6052380736235304,0.4261041260042667,0.732,0.945,4448787103744,Technology,1,NVDA,100.0
0.25939397127037844,4.595631630883591,0.0757525797387591,0.2374330968681731,0.12446870125866386,-0.05,-0.205,20577755136,Consumer Cyclical,0,NVR,37.5
1.2577773010083673,2.0849571317225255,0.05256382750482729,0.5502645502645502,0.1728395061728395,0.072,-0.081,54675148800,Technology,1,NXPI,25.0
-5.969857586544242,0.708473385718781,-0.39668689077215025,0.512817010899886,0.1301655529567379,0.078,0.098,79573688320,Consumer Cyclical,0,ORLY,37.5
-5.777589588617036,0.7050028943062145,-0.4020026827896636,0.5129972377680345,0.13456633104640808,0.078,0.098,79573688320,Consumer Cyclical,1,ORLY,37.5
0.014164205619215909,1.3176281458967656,0.06012763132171234,0.32736908102509493,0.18522640156292505,-0.057,-0.128,45204992000,Industrials,0,ODFL,37.5
0.4197188009813323,4.94915121645936,-0.060536245781392044,0.20322335200940722,-0.33623850038043857,-0.112,-0.521,25160720384,Technology,1,ON,25.0
1.4997191537165324,0.6656962639495391,0.029769706047556636,0.2496580877781922,0.07907497202536368,0.295,0.058,53375545344,Energy,0,OKE,12.5
5.090411226834874,0.7529638819961401,0.16757126790865973,0.701880148399673,0.21549393196252278,0.142,0.947,437968338944,Technology,0,ORCL,62.5
5.754692169754931,1.0166424737535023,0.1754931261207412,0.7031139419674451,0.20778485491861287,0.142,0.947,437968338944,Technology,1,ORCL,62.5
-1.701443057722309,0.9420932589964521,-0.047386895475819035,0.29880597014925375,0.07253731343283581,0.033,0.11,35518701568,Industrials,0,OTIS,25.0
0.8686557060497945,2.794689760502157,0.028026700550990172,0.17720413346412783,0.06787427603907709,-0.137,-0.361,65694732288,Industrials,0,PCAR,12.5
0.6228885135135135,3.2772650590453507,0.04529694167852063,0.2123773937412424,0.09518916394208314,0.101,-0.54,20924565504,Consumer Cyclical,0,PKG,37.5
0.629314259763851,3.227835463258786,0.05020435967302452,0.21886212198872373,0.10302409021014865,0.101,-0.54,20924565504,Consumer Cyclical,0,PKG,50.0
0.04509384411028077,6.4940249709802025,0.03945886502137199,0.804300479150992,0.24215623603419112,0.7,6.704,366196654080,Technology,1,PLTR,87.5
0.10080907267823802,0.8953228820598007,0.0362492220455017,0.7294451725644386,0.1145041502839668,0.149,0.618,129384955904,Technology,0,PANW,37.5
0.6999425881941075,1.2070854111504103,0.07175475062530925,0.36900589051294574,0.19370935391844404,0.091,-0.11,124676685824,Industrials,1,PH,75.0
1.216642441860465,1.281787731983957,0.07199612403100775,0.7240243816997127,0.2082253205352764,0.183,-0.044,34385494016,Technology,0,PAYX,37.5
0.20980906573385805,1.392658240943497,0.12614779186707478,0.743273691186216,0.3441351888667992,0.183,-0.044,34385494016,Technology,0,PAYX,50.0
0.04746098299557419,1.2043348642333414,0.08117866293966923,0.8405278039585297,0.26277097078228084,0.102,0.002,7363459584,Technology,0,PAYC,50.0
0.5636911227411869,1.3000514778430783,0.06354300385109114,0.4769605955589783,0.16519060454370427,0.037,0.282,43741728768,Financial Services,0,PYPL,37.5
0.537703654777631,1.8922975786129068,0.042629898723029504,0.3991488519398258,0.15330562153602534,0.049,-0.002,15860171776,Industrials,0,PNR,50.0
2.638425145467399,0.834248357716353,0.09973353635325466,0.5576762096099113,0.10234946146548357,0.056,0.668,224134397952,Consumer Defensive,0,PEP,62.5
1.9543099234153496,0.9478734148804848,0.020661561023301286,0.4081564432558917,0.10596690623433061,0.026,-0.008,41475653632,Utilities,0,PCG,25.0
0.6894364389689437,1.2281798024591817,0.01785648810178565,0.06503450542228065,0.016003943476832073,0.013,362.25,66014564352,Energy,0,PSX,37.5
1.087501241229653,1.79439306418291,0.043227084075043734,0.2915178913064172,0.0499707893228909,-0.005,-0.153,8221530112,Industrials,0,POOL,12.5
1.2089948940337134,0.8089887640449438,0.02895712387214101,0.4444888178913738,0.16533546325878595,0.028,0.503,28992929792,Utilities,0,PPL,62.5
0.6531412610958065,0.7134723195515067,0.07210361187633915,0.5098098705501618,0.19058454692556634,0.015,-0.067,369739005952,Consumer Defensive,0,PG,62.5
0.6033988869065732,0.565231187206678,0.011090030693578364,0.7433738459057844,0.27712422271710757,0.04,0.095,129599111168,Real Estate,0,PLD,50.0
1.4384850335980452,0.8247121498539268,0.03598045204642639,0.3466790813159528,0.18280571073867163,0.183,0.101,41879019520,Utilities,0,PEG,50.0
0.010931694769934266,0.6510376633358954,0.020434409831380396,0.3079107505070994,0.11602434077079107,0.183,0.101,41879019520,Utilities,0,PEG,25.0
0.46287173372335677,0.9882739367502726,0.04802769142908102,0.8330174773636555,0.255582479265077,0.214,1.025,19392796672,Technology,0,PTC,62.5
0.9851877265254034,0.5516947915225844,0.042628066821544394,0.7195305210347672,0.3446556072428295,0.033,-0.175,54529855488,Real Estate,0,PSA,50.0
0.1668586027185494,5.047001550921937,0.04250062515384963,0.2742630341798004,0.13430413728436927,-0.063,-0.451,25419014144,Consumer Cyclical,1,PHM,37.5
0.6367130860197461,1.3080969579354205,0.01934619521340654,0.1338027129622767,0.023142992177220087,0.197,0.034,85016748032,Industrials,1,PWR,50.0
0.5273730525100981,2.732606873428332,0.10141373341027121,0.5503233445669005,0.25612533017579014,0.05,-0.055,149002960896,Technology,0,QCOM,50.0
0.9481887718285467,1.439972241498959,0.031750613364121806,0.32541478129713425,0.08295625942684766,0.071,0.104,23186243584,Healthcare,0,DGX,12.5
1.0455886692239598,1.1028123559243892,0.032753024491000295,0.3273559710034338,0.08470049599389547,0.071,0.104,23186243584,Healthcare,1,DGX,12.5
1.0307514004249565,1.7762103388480106,0.04983581224647479,0.6865610086608143,0.07600306368938903,0.122,0.216,21820026880,Consumer Cyclical,1,RL,50.0
0.6981273164705117,1.00554879902706,0.02495285779309448,0.20269870974096327,0.0755934206638432,0.121,0.094,280256217088,Industrials,1,RTX,50.0
0.7056214248368763,1.4466008232140903,0.006400382503655211,0.922723206362889,0.18095914176334021,0.11,0.483,61761146880,Real Estate,0,O,50.0
0.7850895981806615,0.5965161543704012,0.016357298922409738,0.698568173226362,0.2876963708153064,0.089,1.341,14864881664,Real Estate,0,REG,62.5
0.09203881909376745,4.926736948354175,0.027518409124937047,0.8466999042493479,0.26701224947997493,0.025,-0.08,83254345728,Healthcare,0,REGN,50.0
1.1600788819343222,0.6648524778000573,0.042441910314670324,0.4227987029184335,0.12347218757794962,0.022,0.063,71673257984,Industrials,0,RSG,37.5
0.15141577023125843,3.4113401579558453,0.0658190129951806,0.5933170554974081,0.2825972180073947,0.11,0.139,37815488512,Healthcare,0,RMD,62.5
0.43542076670162744,3.5760328423741914,0.005530480691044935,0.5649330136199121,0.06353702528122847,0.059,0.039,11172034560,Healthcare,0,RVTY,25.0
1.1439708286181316,1.3491328289846123,0.042248208223311955,0.8554476806903991,0.36245954692556637,0.265,-0.34,74014351360,Financial Services,1,HOOD,37.5
1.1901715615004362,1.0518973214285714,0.07327711544053504,0.4047976011994003,0.12593703148425786,0.119,0.658,43072987136,Industrials,1,ROK,62.5
0.6719761431294219,0.8730439889513347,0.07763071712230556,0.5135172594905314,0.1279604719247566,0.097,0.102,27903590400,Consumer Cyclical,0,ROL,50.0
0.3878774006949791,0.4622017353579176,0.017223620965896087,0.6871149352028894,0.17585510941151478,0.097,-0.073,38886174720,Technology,0,ROP,37.5
0.899497639738899,1.5499270812503565,0.08594732713566776,0.28156733509583104,0.09613877392666878,0.104,0.047,69442314240,Consumer Cyclical,1,ROST,37.5
1.0314445213865184,1.6171126114772647,0.1065099347545331,0.2653218834902751,0.09924836091124928,0.104,0.047,69442314240,Consumer Cyclical,0,ROST,37.5
2.52751256281407,0.1774757281553398,0.09170854271356783,0.4803700925231308,0.18254563640910226,0.133,0.366,78328619008,Consumer Cyclical,1,RCL,62.5
0.3569866051361961,0.902027027027027,0.03266309070750052,0.6947312682022769,0.2885888271114641,0.09,0.289,134897401856,Financial Services,0,SPGI,62.5
0.1874031582764646,1.069019672673169,0.025401378037121287,0.7695594668837115,0.1567809543188524,0.121,0.138,183793123328,Technology,0,CRM,25.0
0.18622594935674236,1.0624374553252323,0.027920814738528435,0.7781447012909036,0.17091964375062543,0.121,0.138,183793123328,Technology,0,CRM,25.0
0.23392642724593385,3.7018181818181817,-0.21100316559327584,0.22536873156342183,-1.1404129793510325,0.612,6.721,88421842944,Technology,1,SNDK,50.0
-2.945485175839313,0.694940343227482,-0.0444065960086531,0.7686617046645229,0.33230359745155424,0.037,1.133,20932169728,Real Estate,0,SBAC,50.0
-3.08344132551119,1.100550853867991,-0.03397888584949563,0.7806991494882514,0.2502955167940032,0.037,1.133,20932169728,Real Estate,0,SBAC,50.0
0.7174993594670767,1.2366985900505454,0.04084037919549065,0.18916372202591283,0.09387514723203769,0.05,-0.247,71626375168,Energy,0,SLB,50.0
-6.207478890229192,1.3606965174129353,-0.4101326899879373,0.35185185185185186,0.1574074074074074,0.215,0.765,84011761664,Technology,1,STX,37.5
1.1916116602975082,0.5702637406885444,0.028961248144521997,0.47211993687532877,0.24118884797475013,-0.002,-0.479,62252761088,Utilities,1,SRE,50.0
1.1474297420139556,0.5461967755270773,0.02163753921003777,0.49228312932410856,0.1798829164449175,-0.002,-0.479,62252761088,Utilities,0,SRE,50.0
0.2366111056317191,1.1225478324049407,0.04536936581516915,0.7891839378238342,0.1489637305699482,0.207,0.044,120122753024,Technology,0,NOW,37.5
3.104016851892206,0.7667805045260071,0.12200673107188688,0.4823303239911793,0.09497333056901068,0.056,-0.007,86136422400,Basic Materials,0,SHW,50.0
9.698962417124818,0.670979157948954,0.15909463362213716,0.8137048442239438,0.28141861709205357,0.132,3.564,76605906944,Real Estate,0,SPG,75.0
0.2036260794909348,4.9502609262883235,0.01156507247108732,0.4108266890474192,0.07207301720520352,-0.031,-0.511,8463026688,Technology,0,SWKS,25.0
0.7959583519928347,1.4278038952316991,0.021495745633676667,0.20598223615464994,0.050156739811912224,0.005,-0.336,23607281664,Consumer Cyclical,0,SW,12.5
0.7831221198156681,1.3711986908495841,0.008410138248847926,0.19127205199628597,0.01936596365565725,0.005,-0.336,23607281664,Consumer Cyclical,0,SW,12.5
0.23074554412404,4.141814181418142,0.043562527169975364,0.5218790218790219,0.19345238095238096,0.031,0.01,19933456384,Industrials,0,SNA,50.0
2.425812385039853,1.1897895557287608,0.04199877375843041,0.5381642512077295,0.06618357487922705,-0.037,1.032,12209840128,Healthcare,0,SOLV,25.0
2.7069956066238596,1.201997780244173,0.010476512335248395,0.5392771084337349,0.014939759036144579,-0.037,1.032,12209840128,Healthcare,0,SOLV,25.0
2.0721652531103163,0.8581699346405228,0.03942196873430066,0.4811575562700965,0.17157556270096463,0.101,-0.221,109291765760,Utilities,0,SO,62.5
0.8537106246663108,0.7721746636932595,-0.01591030432461292,0.13487865588052272,-0.023179838207840697,0.074,0.238,24376102912,Industrials,1,LUV,25.0
0.7622828447339848,1.104021295698332,0.010224393774882374,0.2993110078513059,0.02414143032633659,-0.01,-0.188,12377668608,Industrials,0,SWK,0.0
-3.4122007215480483,0.6437344788240822,-0.05040341095441128,0.21092037983929876,0.04385043827611395,0.055,-0.624,110682996736,Consumer Cyclical,0,SBUX,12.5
0.475491999170511,2.742916480252447,0.02460715422943077,0.11135781305251882,0.049700459695664764,0.14,0.283,28544442368,Basic Materials,1,STLD,75.0
0.33354610235174126,1.9573643600447281,0.022060134127771962,0.43309528810946885,0.09839172567139763,0.092,0.112,23861499904,Healthcare,0,STE,37.5
0.8017677974199713,1.6423256400554924,0.031247013855709507,0.638254347084896,0.11148994203886806,0.114,0.555,146160287744,Healthcare,0,SYK,62.5
0.3927506995652671,6.661542738226611,0.017051506594982942,0.0957013752216618,0.023647621161530664,1.234,0.249,19557005312,Technology,0,SMCI,37.5
1.083355839688059,7.015168681288538,0.034826726617275726,0.8015622097582321,0.21525856684614647,0.655,-0.78,82559410176,Technology,0,SNPS,50.0
7.600936524453694,1.261633281972265,0.20863683662851196,0.18272272680885804,0.020461271558322277,0.03,-0.042,41963905024,Consumer Defensive,0,SYY,25.0
1.9787251452417969,1.1613271826992255,0.04832665084690287,0.645695681317629,0.14138657473905966,0.113,-0.295,245747105792,Communication Services,0,TMUS,12.5
0.04541737616285222,5.872469635627531,0.04718750901901931,0.5227053687850786,0.2780769884914111,0.06,0.012,20075620352,Financial Services,0,TROW,37.5
2.749832641585219,1.757724675962897,0.13609586289998662,0.7609491354284993,0.12829736211031176,0.14,0.808,32109545472,Consumer Cyclical,1,TPR,62.5
6.612287357728552,0.6491979612895157,0.11034961041080243,0.20521758193576675,0.059300668639701855,-0.079,0.553,52244033536,Energy,0,TRGP,12.5
1.273633505051181,0.9351271654994471,0.06931156753863651,0.281724398221924,0.04344544158349409,-0.015,-0.052,54564249600,Consumer Defensive,0,TGT,25.0
1.3551752352379653,0.9353334294918025,0.07520796399836356,0.2599385411612486,0.03567847323305839,-0.015,-0.052,54564249600,Consumer Defensive,0,TGT,25.0
0.4645428216797683,1.512585430905151,0.0010757136946628052,0.3521602703355057,0.00313782283369539,0.217,0.42,61354790912,Technology,1,TEL,37.5
0.29871438358924757,2.1853562005277043,0.019002135977108772,0.4272708462652597,0.13007793640940754,0.073,0.388,32056727552,Technology,0,TDY,37.5
0.024580169644385932,2.704811221046858,0.03535157653318196,0.6057286197643216,0.14423054486057635,0.439,0.759,47780880384,Technology,1,TER,62.5
0.17585361606365452,1.996067623432931,0.005478681365785702,0.1630721489526765,0.021153348849237134,-0.031,-0.605,1523262160896,Consumer Cyclical,1,TSLA,37.5
0.7831281238571255,5.257533145841704,0.07186395221260515,0.5684443352174982,0.28975178176456134,0.104,-0.035,183896211456,Technology,0,TXN,50.0
0.5132646048109966,1.7985873775347458,0.02845360824742268,0.19177253478523895,0.06261343012704174,0.156,0.667,17296070656,Industrials,0,TXT,50.0
0.6922251467908483,1.7745559435251252,0.030512249443207125,0.4086260131223466,0.14540717869548436,0.072,0.073,192621772800,Healthcare,0,TMO,37.5
0.6307351013411314,1.6604410441044104,0.03690632247655541,0.42316805616498465,0.16059675296182535,0.072,0.073,192621772800,Healthcare,0,TMO,37.5
1.536163706926967,1.163295465041101,0.12183935081735858,0.29479063381893067,0.07901761879337961,0.085,0.268,179995574272,Consumer Cyclical,0,TJX,50.0
1.5224591921839628,1.180141715116279,0.16656737757655188,0.30452599388379203,0.0855045871559633,0.085,0.268,179995574272,Consumer Cyclical,1,TJX,50.0
0.12330031759306566,1.8106721619410737,0.01865435950592708,0.7681264112749403,0.0822666759737087,0.143,0.026,12306692096,Communication Services,0,TTD,62.5
0.10586627649708645,1.8571508614164431,0.061790451130751455,0.8174563974672475,0.2459190944276206,0.143,0.026,12306692096,Communication Services,0,TTD,75.0
2.573867788826646,1.4059074475276812,0.08012767250082643,0.3621111570047696,0.051736799355745336,0.033,-0.038,26628112384,Consumer Cyclical,0,TSCO,12.5
0.6369376585235617,1.089065837416761,0.08075023361366973,0.35779033806121363,0.12901780953396608,0.056,-0.022,98684944384,Industrials,0,TT,62.5
-4.4170340327984485,3.089681774349084,-0.08446482101922059,0.5925581395348837,0.22279069767441861,0.139,-0.097,74261602304,Industrials,0,TDG,75.0
0.25668468933955824,0.8434828357227411,0.012308316879186581,0.6671425172495836,0.07934808470140375,-0.014,0.736,16638797824,Technology,1,TRMB,37.5
0.2635197465754617,1.2697986577181208,0.015699789393069118,0.6926988000813504,0.09172259507829977,-0.014,0.736,16638797824,Technology,1,TRMB,37.5
0.1822248615311737,0.9395619035419202,0.023073962394781912,0.4725717268408341,0.14341298558827953,0.063,0.005,15825482752,Technology,0,TYL,12.5
0.49282608695652175,1.6687295231161268,0.00038043478260869565,0.04589261128958238,0.0005354137983784611,0.051,-0.763,22152808448,Consumer Defensive,0,TSN,37.5
0.5062116040955631,1.019565755799554,0.08081911262798634,0.39850862741697735,0.15399288996791816,0.201,-0.957,159265701888,Technology,0,UBER,37.5
0.8127393991613392,1.6666326501686652,0.12552015119102433,0.39117817331825566,0.10709715426418014,0.129,-0.047,29653405696,Consumer Cyclical,1,ULTA,50.0
0.7728943602455118,1.7020766764185902,0.1580442967697911,0.3823961275586582,0.11276174375698722,0.129,-0.047,29653405696,Consumer Cyclical,1,ULTA,37.5
2.1138474967267284,0.7295081967213115,0.10137789138973752,0.4529616724738676,0.2697859631657541,-0.006,0.049,158257512448,Industrials,0,UNP,62.5
2.6097812301838936,0.7809907744786417,0.030675332910589728,0.25158946412352406,0.029291553133514985,0.048,0.06,32529192960,Industrials,1,UAL,12.5
1.6343550446998723,1.091315453384419,0.07579821200510856,0.1707973637798199,0.05509143228441474,-0.032,0.041,93825736704,Industrials,0,UPS,37.5
1.5921037660712254,0.8542435424354243,0.058937307998634655,0.36461414358698574,0.13928475396611992,0.028,-0.052,54205251584,Industrials,1,URI,37.5
0.8551421536648498,0.8485427994818059,0.06620509690860497,0.21696554871092857,0.057421857175450605,0.123,-0.998,264468627456,Healthcare,0,UNH,37.5
0.829976904314792,0.8266341585637329,0.059822141639146106,0.2113742101242969,0.054986260874740844,0.123,-0.998,264468627456,Healthcare,0,UNH,37.5
0.7507259486406811,1.3206185425438965,0.046669390079350344,0.9017296303162167,0.07724429961070513,0.091,0.342,12358437888,Healthcare,0,UHS,37.5
0.46206896551724136,1.5578154923066763,-0.025329927628778205,0.016392359045541673,-0.019664221032454226,-0.021,3.036,70083035136,Energy,1,VLO,25.0
0.470789817232376,1.5319135204904808,0.011463772845953003,0.020093640265314086,0.00913642866432566,-0.021,3.036,70083035136,Energy,1,VLO,25.0
1.1265903295131625,0.5295430256625316,0.004086295573577951,0.42145347013491163,0.034510637859203545,0.214,0.235,41203232768,Real Estate,0,VTR,25.0
1.1424847958297133,2.186324786324786,0.09774109470026064,0.6043543543543544,0.16891891891891891,0.038,0.119,23513757696,Industrials,0,VLTO,62.5
-0.906272129489125,0.555028757966734,-0.10080930703085483,0.8772060651255282,0.49540144171016653,0.076,0.077,22139541504,Technology,0,VRSN,37.5
1.6651178491292866,0.6116824419480562,0.04844026131331784,0.610094071972525,0.1457070329998507,0.02,-0.532,215945428992,Communication Services,0,VZ,12.5
0.09996787158332475,2.645591034045253,0.039178482447579155,0.8689625297812432,0.2333044545520179,0.095,0.305,121400401920,Healthcare,0,VRTX,75.0
0.6675998036616626,31.78002111253901,0.02042931141517422,0.9935460534604614,0.5523316304343409,0.038,-0.016,31946772480,Real Estate,0,VICI,50.0
0.6650883611792996,27.916755158771014,0.02315905652865867,0.9930874584550823,0.6296734190391495,0.038,-0.016,31946772480,Real Estate,0,VICI,50.0
0.5459374178280305,1.0840327836476746,0.12035235340520642,0.8039399624765479,0.47706900145924536,0.146,0.143,617878847488,Financial Services,0,V,75.0
3.665284974093264,0.8643494309443248,-0.0555440414507772,0.201627256547165,-0.06814136791253496,0.136,-0.472,55350534144,Utilities,1,VST,37.5
3.117414721723519,0.9628795066413662,0.07917414721723519,0.39633391132028734,0.10923953430765419,0.136,-0.472,55350534144,Utilities,1,VST,50.0
0.6718014285538658,2.416739866984565,0.015846866893694446,0.2234797503976508,0.07885721277376728,0.032,-0.142,39108108288,Basic Materials,1,VMC,37.5
0.7698275862068965,2.7416955875061975,0.13764367816091955,0.3971202972596377,0.1112401300510915,0.045,-0.051,54608506880,Industrials,0,GWW,37.5
0.3864776234567901,1.3381716322892794,0.031057098765432098,0.3448275862068966,0.12337164750957855,0.148,-0.047,44583923712,Industrials,0,WAB,50.0
0.802035969591732,0.7797609794014769,0.05354862578019644,0.24941881177955305,0.027093938131381747,0.056,-0.194,1019010088960,Consumer Defensive,0,WMT,37.5
0.6604990495863229,0.8226828460200447,0.05772801687670992,0.24581011774870676,0.02909932762497646,0.056,-0.194,1019010088960,Consumer Defensive,0,WMT,37.5
0.41105435168057963,0.6681066149460754,0.03138807157438733,0.3730155370221413,0.13864781338639345,0.052,-0.06,182729801728,Communication Services,0,DIS,12.5
2.755722543352601,0.8331774827005798,0.07364161849710983,0.3939847125290794,0.10584911930874044,0.071,0.241,98393759744,Industrials,0,WM,62.5
0.7828584124415192,1.8105506004876328,0.06185343740333887,0.5817698218994869,0.1834367278470013,0.068,-0.027,31298422784,Healthcare,0,WAT,37.5
1.5771478218080608,0.5020211840556721,0.05570420261106242,0.4368312430544531,0.23003651373233847,0.111,-0.302,38266212352,Utilities,0,WEC,62.5
0.5009189481245839,4.226188021172079,0.00759663194005058,0.3877593740567122,0.10799564763602917,0.413,-0.196,144330113024,Real Estate,1,WELL,50.0
0.11300361522119935,2.7672299221568255,0.03346874883530245,0.3322349570200573,0.12865329512893983,0.075,0.015,17921826816,Healthcare,0,WST,25.0
0.5379989631933645,2.0403225806451615,0.00860549507516848,0.19001701644923427,0.047078842881452074,-0.098,-0.086,17891770368,Real Estate,0,WY,12.5
0.6333365104688157,1.5084546035846473,0.10700299267654849,0.4426352498362824,0.13366930368132024,0.046,0.018,23439208448,Consumer Cyclical,1,WSM,37.5
0.6288755840944278,1.4407146749903503,0.1796506659061556,0.4515209457489142,0.15631719043561537,0.046,0.018,23439208448,Consumer Cyclical,0,WSM,37.5
2.1951629694882677,0.4045643153526971,0.05533755105309522,0.5971128608923885,0.22670603674540682,0.087,0.51,92590931968,Energy,0,WMB,50.0
0.7288823312430838,1.1551852958756725,0.0288946268289684,0.404408457040036,0.10571300044984255,-0.033,-0.41,29154494464,Financial Services,0,WTW,12.5
0.38042381432896066,2.0665836963285624,0.007624173113577755,0.7602678571428572,0.030357142857142857,0.145,0.543,38191677440,Technology,0,WDAY,50.0
0.37214965685189283,1.9006849315068493,0.010405136152313482,0.7562189054726368,0.04251469923111714,0.145,0.543,38191677440,Technology,0,WDAY,37.5
-33.78193014267574,1.0824655425265823,-0.20169514081812587,0.422615424515569,0.042782362001344394,0.015,-0.639,10743895040,Consumer Cyclical,1,WYNN,25.0
-54.27181356257333,1.897768415637459,-1.235594059626786,0.4368497446972124,0.15062674128791814,0.015,-0.639,10743895040,Consumer Cyclical,1,WYNN,50.0
1.632296505756413,0.796321020620086,0.024389012320743284,0.43138760880696364,0.12365591397849462,0.141,0.222,49121464320,Utilities,0,XEL,25.0
1.5473824403237373,0.6696082984982196,0.02376805655158283,0.4128205128205128,0.14871794871794872,0.141,0.222,49121464320,Utilities,0,XEL,37.5
0.19748520710059173,1.8855032317636196,0.015625,0.3711938134364427,0.08168197196713388,0.063,0.028,31521839104,Industrials,0,XYL,50.0
0.19968051118210864,1.7542808219178083,0.03063333959781996,0.3798758865248227,0.14450354609929078,0.063,0.028,31521839104,Industrials,1,XYL,62.5
-1.4552793439261917,1.4029244516653128,-0.032419272168118914,0.46838276440962506,0.14157806379406826,0.065,0.265,44144025600,Consumer Cyclical,0,YUM,50.0
0.6511307225592939,1.4490828589500315,0.03750689464975179,0.49311926605504586,0.10397553516819572,0.106,-0.571,11723792384,Technology,0,ZBRA,0.0
0.5789626545973813,2.4359231339056167,0.01468322159563053,0.7120108951862134,0.09533287936724111,0.109,-0.418,18975883264,Healthcare,0,ZBH,50.0
1.4500537056928033,1.736189069423929,0.1355531686358754,0.7198198198198198,0.2842342342342342,0.03,0.038,55509716992,Healthcare,0,ZTS,37.5
